,材料,试批号,实验屈服值,实验抗拉值,实验伸长率,牌号,钢种,出炉温度,加热时间,板坯厚度,中间坯厚度,粗轧压下率,精轧开轧温度,终轧温度,成品厚度,粗轧压缩比,精轧压缩比,C,Si,Mn,AlT,Nb,V,Ti,Ni,Cu,Cr,Mo,P,S,Ceq,Pcm,温度差
1,0C31P26500,0LL007906500,323,460,31.5,SS400,ZF4H6100,1167,12031,264,89.99,0.254,858,821,31.5,2.934,2.857,0.17,0.12,0.59,0.02,0.001,0.001,0.002,0.01,0.01,0.02,0.01,0.025,0.0018,0.275866667,0.775766667,37
2,0C31P34500,0LL007906600,334,451,31,SS400,ZF4H6100,1162,11776,264,90,0.256,869,834,31.6,2.933,2.848,0.17,0.12,0.59,0.02,0.001,0.001,0.002,0.01,0.01,0.02,0.01,0.025,0.0018,0.275866667,0.775766667,35
3,0C31P56C00,0LL007957000,362,471,24,SS400,ZF4H6100,1215,12273,264,69.99,0.252,1023,815,11.5,3.772,6.086,0.16,0.12,0.53,0.032,0.001,0,0.002,0.01,0.01,0.03,0.01,0.022,0.0022,0.257666667,0.706166667,208
4,0C31P59800,0LL007957100,326,454,26.5,SS400,ZF4H6100,1185,13082,264,70,0.284,1006,833,15.4,3.771,4.545,0.16,0.12,0.53,0.032,0.001,0,0.002,0.01,0.01,0.03,0.01,0.022,0.0022,0.257666667,0.706166667,173
5,0C31P60800,0LL007957200,364,450,23,SS400,ZF4H6100,1193,13065,264,75,0.232,979,838,19.4,3.52,3.866,0.16,0.12,0.53,0.032,0.001,0,0.002,0.01,0.01,0.03,0.01,0.022,0.0022,0.257666667,0.706166667,141
6,0C31P64800,0LL007957300,356,463,25,SS400,ZF4H6100,1199,13444,264,69.99,0.231,926,813,24.4,3.772,2.868,0.16,0.12,0.53,0.032,0.001,0,0.002,0.01,0.01,0.03,0.01,0.022,0.0022,0.257666667,0.706166667,113
7,0C31P65C00,0LL007957900,371,477,26,SS400,ZF4H6100,1219,11862,264,79.99,0.228,1100,830,9.5,3.3,8.42,0.18,0.11,0.51,0.028,0.001,0,0.002,0.01,0.02,0.04,0.01,0.019,0.0079,0.277,0.716333333,270
8,0C31P72800,0LL007958000,350,475,23,SS400,ZF4H6100,1184,13340,264,70,0.234,923,822,24.4,3.771,2.869,0.18,0.11,0.51,0.028,0.001,0,0.002,0.01,0.02,0.04,0.01,0.019,0.0079,0.277,0.716333333,101
9,0C31P79400,0LL007958100,359,456,23,SS400,ZF4H6100,1202,13350,264,89.99,0.219,925,869,31.7,2.934,2.839,0.18,0.11,0.51,0.028,0.001,0,0.002,0.01,0.02,0.04,0.01,0.019,0.0079,0.277,0.716333333,56
10,0C31P81500,0LL007958200,307,436,26,SS400,ZF4H6100,1192,12083,264,90,0.254,905,836,35.6,2.933,2.528,0.18,0.11,0.51,0.028,0.001,0,0.002,0.01,0.02,0.04,0.01,0.019,0.0079,0.277,0.716333333,69
11,0C31P83300,0LL007958300,333,459,22.5,SS400,ZF4H6100,1189,13437,264,89.99,0.235,914,844,35.5,2.934,2.535,0.18,0.11,0.51,0.028,0.001,0,0.002,0.01,0.02,0.04,0.01,0.019,0.0079,0.277,0.716333333,70
12,1106P74600,1LL000319200,361,474,25,SS400,ZF4H6100,1167,13744,264,70,0.305,973,813,15.4,3.771,4.545,0.16,0.15,0.53,0.026,0.001,0,0.002,0.02,0.03,0.05,0,0.013,0.0063,0.261666667,0.7275,160
13,1102P58800,1LL000489200,372,474,26,SS400,ZF4H6100,1198,13441,264,70,0.221,925,812,19.4,3.771,3.608,0.16,0.1,0.53,0.04,0,0,0.001,0.02,0.03,0.06,0.02,0.009,0.0072,0.267666667,0.727666667,113
14,1103N96200,1LL000781600,358,480,28.5,SS400,ZF4H6100,1182,13372,264,90,0.269,892,840,31.2,2.933,2.885,0.17,0.2,0.94,0.03,0.012,0,0.016,0.02,0.04,0.05,0.01,0.022,0.0055,0.342666667,1.159833333,52
15,1106R91300,1LL001153000,339,455,21,SS400,ZF4H6100,1199,13563,222,79.99,0.301,906,802,22,2.775,3.636,0.16,0.11,0.53,0.029,0,0,0.001,0.02,0.03,0.04,0.01,0.012,0.0035,0.261666667,0.726333333,104
16,1106R85300,1LL001153200,311,446,30,SS400,ZF4H6100,1189,16868,222,90,0.244,895,854,35.5,2.467,2.535,0.16,0.11,0.53,0.029,0,0,0.001,0.02,0.03,0.04,0.01,0.012,0.0035,0.261666667,0.726333333,41
17,1108L60600,1LL001528900,308,437,28.5,SS400,ZF4H6100,1168,14680,264,79.99,0.28,919,857,24.2,3.3,3.305,0.16,0.12,0.52,0.036,0.001,0,0.002,0.02,0.03,0.05,0.01,0.018,0.0067,0.262,0.717166667,62
18,1116L02500,1LL003596700,387,471,25,SS400,ZF4H6100,1203,14366,264,70,0.305,949,847,18,3.771,3.889,0.16,0.15,0.52,0.03,0.002,0,0.002,0.02,0.05,0.05,0.01,0.015,0.0017,0.263333333,0.738166667,102
19,1116L01300,1LL003596800,357,464,30.5,SS400,ZF4H6100,1187,13716,264,79.99,0.272,916,823,28,3.3,2.857,0.16,0.15,0.52,0.03,0.002,0,0.002,0.02,0.05,0.05,0.01,0.015,0.0017,0.263333333,0.738166667,93
20,1119L96400,1LL004879900,326,439,36.5,SS400,ZA4D7100,1205,0,264,109.99,0.175,897,865,54.7,2.4,2.011,0.15,0.13,0.62,0.035,0.002,0,0.002,0.02,0.03,0.04,0,0.013,0.0054,0.264666667,0.806333333,32
21,1119L98400,1LL004880700,304,436,42.5,SS400,ZA4D7100,1184,12662,264,110,0.178,897,847,54.7,2.4,2.011,0.15,0.14,0.62,0.032,0.002,0,0.002,0.02,0.03,0.04,0,0.013,0.0054,0.264666667,0.806666667,50
22,1119M00400,1LL004880800,319,436,40,SS400,ZA4D7100,1201,12630,264,100,0.21,894,828,54.7,2.64,1.828,0.15,0.14,0.62,0.032,0.002,0,0.002,0.02,0.03,0.04,0,0.013,0.0054,0.264666667,0.806666667,66
23,1127N82400,1LL006861300,397,493,24,SS400,DA4B8200,1191,11770,130,70,0.263,1005,833,9.6,1.857,7.292,0.16,0.24,0.61,0.03,0,0,0.003,0.02,0.03,0.03,0.01,0.012,0.003,0.273,0.810166667,172
24,1128P78600,1LL007965900,344,473,23.5,SS400,DA4B8200,1195,14588,264,80,0.288,951,842,18.4,3.3,4.348,0.17,0.13,0.57,0.028,0.002,0,0.002,0.03,0.04,0.04,0.01,0.015,0.0041,0.279666667,0.787,109
25,1131Q30600,1LL008624200,364,476,25,SS400,ZF4H6100,1202,13144,264,70,0.241,985,824,13.35,3.771,5.243,0.16,0.12,0.53,0.029,0.002,0,0.001,0.01,0.03,0.02,0.01,0.007,0.004,0.257,0.725666667,161
26,1204K14400,1LL008626000,314,446,29,SS400,ZF4H6100,1190,12394,264,90,0.193,886,848,31.4,2.933,2.866,0.15,0.13,0.52,0.026,0.001,0,0.003,0.02,0.03,0.06,0,0.016,0.0029,0.252,0.707333333,38
27,1204K24G00,1LL009624800,346,464,21.5,SS400,ZF4H6100,1215,12555,264,70,0.23,1111,838,9.5,3.771,7.368,0.16,0.12,0.55,0.028,0.001,0,0.002,0.02,0.03,0.04,0.01,0.022,0.0074,0.265,0.746666667,273
28,1204K31G00,1LL009624900,364,470,19.5,SS400,ZF4H6100,1208,12573,264,69.99,0.23,1095,821,9.5,3.772,7.367,0.16,0.12,0.55,0.028,0.001,0,0.002,0.02,0.03,0.04,0.01,0.022,0.0074,0.265,0.746666667,274
29,1204K47800,1LL009625700,319,442,22,SS400,ZF4H6100,1184,12433,264,70,0.244,1013,853,13.5,3.771,5.185,0.16,0.11,0.54,0.024,0.001,0,0.002,0.01,0.03,0.02,0.01,0.011,0.0035,0.258666667,0.735333333,160
30,1206K73300,1LL010133100,330,440,26,SS400,ZF4H7100,1192,13347,264,90,0.253,886,848,36.3,2.933,2.479,0.14,0.09,0.63,0.037,0,0,0.002,0.02,0.04,0.03,0.01,0.015,0.0064,0.257,0.815166667,38
31,1206L94800,1LL010229400,404,458,21.5,SS400,ZF4H6100,1189,12906,264,69.99,0.241,999,814,13.35,3.772,5.243,0.15,0.11,0.51,0.034,0.001,0,0.002,0.01,0.02,0.04,0,0.018,0.006,0.245,0.685666667,185
32,1207P70600,1LL011017500,327,450,28.5,SS400,ZA4D6100,1165,12768,264,70,0.234,963,831,21.7,3.771,3.226,0.18,0.14,0.26,0.038,0,0,0.001,0.01,0.03,0.05,0.01,0.021,0.0061,0.238,0.477833333,132
33,1207R62800,1LL011158300,324,457,29,SS400,ZF4H6100,1190,11472,264,69.99,0.254,973,843,21.9,3.772,3.196,0.16,0.11,0.53,0.026,0.001,0,0.001,0.02,0.03,0.03,0,0.013,0.0051,0.257666667,0.725166667,130
34,1211K14700,1LL012153900,376,475,25.5,SS400,ZA4D6100,1149.5,12649,264,59.99,0.287,925,844,20.14,4.401,2.979,0.16,0.19,0.38,0.026,0,0,0.002,0.02,0.03,0.04,0.01,0.013,0.0046,0.236666667,0.579,81
35,1211K17700,1LL012154000,363,473,23,SS400,ZA4D6100,1181,12766,264,60,0.306,924,844,19.7,4.4,3.046,0.16,0.19,0.38,0.026,0,0,0.002,0.02,0.03,0.04,0.01,0.013,0.0046,0.236666667,0.579,80
36,1211K18800,1LL012154100,340,444,26,SS400,ZA4D6100,1178,12917,264,70,0.254,923,850,21.7,3.771,3.226,0.16,0.19,0.38,0.026,0,0,0.002,0.02,0.03,0.04,0.01,0.013,0.0046,0.236666667,0.579,73
37,1211K22800,1LL012154200,349,454,26.5,SS400,ZA4D6100,1175,12909,264,70,0.257,924,843,21.7,3.771,3.226,0.16,0.19,0.38,0.026,0,0,0.002,0.02,0.03,0.04,0.01,0.013,0.0046,0.236666667,0.579,81
38,1211K24800,1LL012154700,354,453,25,SS400,ZA4D6100,1180,12869,264,69.99,0.258,925,849,21.7,3.772,3.225,0.16,0.18,0.37,0.037,0.001,0,0.002,0.02,0.03,0.07,0.01,0.011,0.0062,0.241,0.570166667,76
39,1211K27800,1LL012154800,356,455,25,SS400,ZA4D6100,1170,12850,264,69.99,0.257,924,853,21.7,3.772,3.225,0.16,0.18,0.37,0.037,0.001,0,0.002,0.02,0.03,0.07,0.01,0.011,0.0062,0.241,0.570166667,71
40,1211K31800,1LL012154900,334,447,27.5,SS400,ZA4D6100,1178,12938,264,70,0.255,923,850,21.7,3.771,3.226,0.16,0.18,0.37,0.037,0.001,0,0.002,0.02,0.03,0.07,0.01,0.011,0.0062,0.241,0.570166667,73
41,1211K35800,1LL012155000,328,443,27.5,SS400,ZA4D6100,1169,12880,264,70,0.254,923,848,21.7,3.771,3.226,0.16,0.18,0.37,0.037,0.001,0,0.002,0.02,0.03,0.07,0.01,0.011,0.0062,0.241,0.570166667,75
42,1211K37800,1LL012155500,364,463,26,SS400,ZA4D6100,1176,12831,264,70,0.254,923,840,21.7,3.771,3.226,0.15,0.2,0.36,0.02,0.001,0,0.002,0.02,0.03,0.05,0.01,0.017,0.004,0.225333333,0.549833333,83
43,1211K39800,1LL012155600,358,460,27,SS400,ZA4D6100,1170,12806,264,70,0.254,922,838,21.7,3.771,3.226,0.15,0.2,0.36,0.02,0.001,0,0.002,0.02,0.03,0.05,0.01,0.017,0.004,0.225333333,0.549833333,84
44,1211K44800,1LL012155700,356,462,25.5,SS400,ZA4D6100,1185,13183,264,70,0.254,937,821,21.7,3.771,3.226,0.15,0.2,0.36,0.02,0.001,0,0.002,0.02,0.03,0.05,0.01,0.017,0.004,0.225333333,0.549833333,116
45,1211K49800,1LL012155800,347,453,26.5,SS400,ZA4D6100,1149.5,13110,264,69.99,0.255,943,838,22.14,3.772,3.161,0.15,0.2,0.36,0.02,0.001,0,0.002,0.02,0.03,0.05,0.01,0.017,0.004,0.225333333,0.549833333,105
46,1211K52700,1LL012156300,337,451,26.5,SS400,ZA4D6100,1149.5,13039,264,60,0.326,944,843,20.14,4.4,2.979,0.16,0.19,0.35,0.02,0,0,0.003,0.02,0.04,0.03,0.01,0.012,0.0021,0.230333333,0.5585,101
47,1211K55800,1LL012156400,375,456,26,SS400,ZA4D6100,1182,13244,264,70,0.253,968,842,21.7,3.771,3.226,0.16,0.19,0.35,0.02,0,0,0.003,0.02,0.04,0.03,0.01,0.012,0.0021,0.230333333,0.5585,126
48,1211K59800,1LL012156500,340,451,26.5,SS400,ZA4D6100,1191,13380,264,70,0.255,970,843,21.7,3.771,3.226,0.16,0.19,0.35,0.02,0,0,0.003,0.02,0.04,0.03,0.01,0.012,0.0021,0.230333333,0.5585,127
49,1211K63800,1LL012156600,335,454,26,SS400,ZA4D6100,1187,13061,264,70,0.256,972,847,21.7,3.771,3.226,0.16,0.19,0.35,0.02,0,0,0.003,0.02,0.04,0.03,0.01,0.012,0.0021,0.230333333,0.5585,125
50,1211K83800,1LL012157100,359,456,28,SS400,ZA4D6100,1190,12677,264,79.99,0.215,966,836,21.7,3.3,3.686,0.16,0.17,0.34,0.042,0,0,0.004,0.03,0.03,0.03,0.01,0.014,0.0031,0.228666667,0.537833333,130
51,1211K86800,1LL012157200,360,470,27.5,SS400,ZA4D6100,1194,12726,264,80,0.213,962,836,21.7,3.3,3.687,0.16,0.17,0.34,0.042,0,0,0.004,0.03,0.03,0.03,0.01,0.014,0.0031,0.228666667,0.537833333,126
52,1211K90800,1LL012157300,394,468,28.5,SS400,ZA4D6100,1173,12531,264,80,0.213,948,830,21.7,3.3,3.687,0.16,0.17,0.34,0.042,0,0,0.004,0.03,0.03,0.03,0.01,0.014,0.0031,0.228666667,0.537833333,118
53,1211K66800,1LL012157900,340,458,25.5,SS400,ZA4D6100,1185,13208,264,70,0.257,973,856,21.7,3.771,3.226,0.16,0.18,0.36,0.032,0,0,0.002,0.02,0.04,0.05,0.01,0.013,0.0046,0.236,0.569166667,117
54,1211K70800,1LL012158000,356,471,27,SS400,ZA4D6100,1180,12965,264,70,0.257,970,843,21.7,3.771,3.226,0.16,0.18,0.36,0.032,0,0,0.002,0.02,0.04,0.05,0.01,0.013,0.0046,0.236,0.569166667,127
55,1211K74800,1LL012158100,337,454,27,SS400,ZA4D6100,1179,12996,264,69.99,0.258,970,840,21.7,3.772,3.225,0.16,0.18,0.36,0.032,0,0,0.002,0.02,0.04,0.05,0.01,0.013,0.0046,0.236,0.569166667,130
56,1211K78600,1LL012158200,299,435,31.5,SS400,ZA4D6100,1164,11470,264,95,0.159,894,830,35.7,2.779,2.661,0.16,0.18,0.36,0.032,0,0,0.002,0.02,0.04,0.05,0.01,0.013,0.0046,0.236,0.569166667,64
57,1211K98600,1LL012159000,299,438,31,SS400,ZA4D6100,1137,11910,264,100,0.191,897,840,35.7,2.64,2.801,0.16,0.19,0.36,0.04,0.001,0,0.003,0.02,0.03,0.04,0.01,0.014,0.0037,0.233333333,0.559,57
58,1211L03600,1LL012159100,285,422,30.5,SS400,ZA4D6100,1146,12063,264,100,0.193,892,843,35.7,2.64,2.801,0.16,0.19,0.36,0.04,0.001,0,0.003,0.02,0.03,0.04,0.01,0.014,0.0037,0.233333333,0.559,49
59,1211L06600,1LL012159200,287,432,32,SS400,ZA4D6100,1168,11972,264,100,0.193,893,844,35.7,2.64,2.801,0.16,0.19,0.36,0.04,0.001,0,0.003,0.02,0.03,0.04,0.01,0.014,0.0037,0.233333333,0.559,49
60,1211L10600,1LL012159300,289,434,31,SS400,ZA4D6100,1161,11963,264,100,0.194,895,838,35.7,2.64,2.801,0.16,0.19,0.36,0.04,0.001,0,0.003,0.02,0.03,0.04,0.01,0.014,0.0037,0.233333333,0.559,57
61,1211L14600,1LL012159800,299,430,31.5,SS400,ZA4D6100,1141,12062,264,100,0.195,892,833,35.7,2.64,2.801,0.17,0.19,0.34,0.028,0,0,0.002,0.02,0.03,0.03,0.02,0.018,0.003,0.24,0.549166667,59
62,1211L18600,1LL012159900,358,467,31,SS400,ZA4D6100,1172,11737,264,90,0.181,870,806,35.7,2.933,2.521,0.17,0.19,0.34,0.028,0,0,0.002,0.02,0.03,0.03,0.02,0.018,0.003,0.24,0.549166667,64
63,1211L20600,1LL012160000,299,437,32.5,SS400,ZA4D6100,1168,12145,264,90,0.179,893,842,35.7,2.933,2.521,0.17,0.19,0.34,0.028,0,0,0.002,0.02,0.03,0.03,0.02,0.018,0.003,0.24,0.549166667,51
64,1211L23600,1LL012160100,298,433,32,SS400,ZA4D6100,1149.5,11837,264,93,0.217,895,842,36.23,2.839,2.567,0.17,0.19,0.34,0.028,0,0,0.002,0.02,0.03,0.03,0.02,0.018,0.003,0.24,0.549166667,53
65,1211L26600,1LL012160600,300,434,32,SS400,ZA4D6100,1167,12033,264,93,0.218,895,844,35.7,2.839,2.605,0.16,0.17,0.38,0.034,0.002,0,0.004,0.03,0.03,0.04,0.01,0.016,0.0022,0.237333333,0.578333333,51
66,1211L30600,1LL012160700,301,437,32.5,SS400,ZA4D6100,1162,12077,264,92.99,0.218,895,831,35.7,2.839,2.605,0.16,0.17,0.38,0.034,0.002,0,0.004,0.03,0.03,0.04,0.01,0.016,0.0022,0.237333333,0.578333333,64
67,1211L34600,1LL012160800,312,445,31,SS400,ZA4D6100,1169,12013,264,93,0.218,891,833,35.7,2.839,2.605,0.16,0.17,0.38,0.034,0.002,0,0.004,0.03,0.03,0.04,0.01,0.016,0.0022,0.237333333,0.578333333,58
68,1211L38600,1LL012160900,292,432,32,SS400,ZA4D6100,1158,11718,264,99.99,0.191,897,845,35.7,2.64,2.801,0.16,0.17,0.38,0.034,0.002,0,0.004,0.03,0.03,0.04,0.01,0.016,0.0022,0.237333333,0.578333333,52
69,1211L44600,1LL012161400,287,427,32.5,SS400,ZA4D6100,1168,11620,264,100,0.189,893,839,35.7,2.64,2.801,0.16,0.2,0.35,0.031,0,0,0.003,0.02,0.03,0.03,0.01,0.011,0.003,0.229666667,0.548833333,54
70,1211L47600,1LL012161500,297,433,33,SS400,ZA4D6100,1163,11855,264,95,0.209,893,831,35.7,2.779,2.661,0.16,0.2,0.35,0.031,0,0,0.003,0.02,0.03,0.03,0.01,0.011,0.003,0.229666667,0.548833333,62
71,1211L51600,1LL012161600,305,439,31.5,SS400,ZA4D6100,1161,11456,264,95,0.208,893,831,35.7,2.779,2.661,0.16,0.2,0.35,0.031,0,0,0.003,0.02,0.03,0.03,0.01,0.011,0.003,0.229666667,0.548833333,62
72,1211L55600,1LL012161700,304,433,31.5,SS400,ZA4D6100,1168,11816,264,100,0.189,897,841,35.7,2.64,2.801,0.16,0.2,0.35,0.031,0,0,0.003,0.02,0.03,0.03,0.01,0.011,0.003,0.229666667,0.548833333,56
73,1211L76200,1LL012162200,306,450,24,SS400,ZA4D7100,1174,12270,264,110,0.151,887,847,54.7,2.4,2.011,0.16,0.14,0.61,0.035,0.001,0,0.002,0.02,0.03,0.04,0.01,0.027,0.0054,0.275,0.807333333,40
74,1211L85200,1LL012162300,293,445,24,SS400,ZA4D7100,1179,12134,264,110,0.157,886,844,54.7,2.4,2.011,0.16,0.14,0.61,0.035,0.001,0,0.002,0.02,0.03,0.04,0.01,0.027,0.0054,0.275,0.807333333,42
75,1215N58800,1LL012165000,384,468,26,SS400,DA4B8200,1214,15414,264,74,0.217,1058,821,9.45,3.568,7.831,0.17,0.16,0.37,0.035,0,0,0.004,0.02,0.03,0.04,0,0.021,0.0048,0.243,0.577333333,237
76,1215N61800,1LL012165100,367,474,24,SS400,DA4B8200,1215,15386,264,73.99,0.215,1077,826,9.45,3.568,7.83,0.17,0.16,0.37,0.035,0,0,0.004,0.02,0.03,0.04,0,0.021,0.0048,0.243,0.577333333,251
77,1215N64800,1LL012165200,371,469,27,SS400,DA4B8200,1225,13998,264,74,0.215,1111,833,9.45,3.568,7.831,0.17,0.16,0.37,0.035,0,0,0.004,0.02,0.03,0.04,0,0.021,0.0048,0.243,0.577333333,278
78,1215N69800,1LL012165800,349,457,27.5,SS400,DA4B8200,1221,13859,264,74,0.215,1107,820,9.45,3.568,7.831,0.18,0.2,0.36,0.033,0,0,0.004,0.02,0.03,0.02,0.01,0.017,0.0053,0.249333333,0.578333333,287
79,1215N72800,1LL012165900,352,460,27,SS400,DA4B8200,1225,13736,264,74,0.215,1108,825,9.45,3.568,7.831,0.18,0.2,0.36,0.033,0,0,0.004,0.02,0.03,0.02,0.01,0.017,0.0053,0.249333333,0.578333333,283
80,1211L59600,1LL012166800,293,437,31.5,SS400,YY000000,1167,11926,264,100,0.191,897,846,35.7,2.64,2.801,0.16,0.17,0.34,0.03,0,0,0.002,0.02,0.03,0.04,0.01,0.025,0.0058,0.23,0.538333333,51
81,1215P95400,1LL013542400,307,438,42,SS400,ZA4D7100,1201,13026,264,110,0.183,895,856,54.7,2.4,2.011,0.15,0.16,0.6,0.018,0,0.003,0.003,0.02,0.03,0.03,0.01,0.019,0.0038,0.261933333,0.7878,39
82,1215P97400,1LL013542500,320,453,34.5,SS400,ZA4D7100,1193,13080,264,109.99,0.178,868,821,54.7,2.4,2.011,0.15,0.16,0.6,0.018,0,0.003,0.003,0.02,0.03,0.03,0.01,0.019,0.0038,0.261933333,0.7878,47
83,1215P99400,1LL013542600,328,432,24.5,SS400,ZA4D7100,1174,13620,264,110,0.172,886,838,54.7,2.4,2.011,0.15,0.16,0.6,0.018,0,0.003,0.003,0.02,0.03,0.03,0.01,0.019,0.0038,0.261933333,0.7878,48
84,1215Q07400,1LL013543300,335,438,38,SS400,YY000000,1187,13101,264,110,0.172,884,841,54.7,2.4,2.011,0.15,0.16,0.59,0.019,0.001,0.003,0.003,0.02,0.03,0.03,0.01,0.018,0.0034,0.260266667,0.7778,43
85,1215Q12400,1LL013543400,327,436,44,SS400,YY000000,1174,13624,264,110,0.172,884,835,54.7,2.4,2.011,0.15,0.16,0.59,0.019,0.001,0.003,0.003,0.02,0.03,0.03,0.01,0.018,0.0034,0.260266667,0.7778,49
86,1215P62800,1LL013544400,332,460,27.5,SS400,ZA4D6100,1201,13370,264,70,0.265,925,822,21.7,3.771,3.226,0.17,0.18,0.38,0.03,0,0,0.003,0.02,0.03,0.05,0.01,0.018,0.0044,0.248666667,0.589166667,103
87,1215P63800,1LL013544500,369,461,25,SS400,ZA4D6100,1205,13533,264,75,0.208,898,797,21.7,3.52,3.456,0.17,0.18,0.38,0.03,0,0,0.003,0.02,0.03,0.05,0.01,0.018,0.0044,0.248666667,0.589166667,101
88,1215P65800,1LL013544600,388,470,24.5,SS400,ZA4D6100,1203,13464,264,75,0.218,901,799,21.7,3.52,3.456,0.17,0.18,0.38,0.03,0,0,0.003,0.02,0.03,0.05,0.01,0.018,0.0044,0.248666667,0.589166667,102
89,1215P70800,1LL013544700,374,467,25.5,SS400,ZA4D6100,1200,13442,264,75,0.224,921,821,21.7,3.52,3.456,0.17,0.18,0.38,0.03,0,0,0.003,0.02,0.03,0.05,0.01,0.018,0.0044,0.248666667,0.589166667,100
90,1222M30800,1LL015243400,336,456,29,SS400,ZA4D7100,1171,13062,264,79.99,0.207,926,846,21.7,3.3,3.686,0.15,0.14,0.65,0.039,0.002,0,0.003,0.02,0.04,0.05,0,0.019,0.0029,0.272333333,0.847166667,80
91,1222M35800,1LL015243500,330,451,28,SS400,ZA4D7100,1172,13004,264,80,0.21,925,836,21.7,3.3,3.687,0.15,0.14,0.65,0.039,0.002,0,0.003,0.02,0.04,0.05,0,0.019,0.0029,0.272333333,0.847166667,89
92,1222M31400,1LL015243600,365,458,33.5,SS400,ZA4D7100,1178,13568,264,100,0.195,886,838,35.7,2.64,2.801,0.15,0.14,0.65,0.039,0.002,0,0.003,0.02,0.04,0.05,0,0.019,0.0029,0.272333333,0.847166667,48
93,1222M33400,1LL015243700,354,453,42,SS400,ZA4D7100,1209,52025,264,109.99,0.159,897,837,55.2,2.4,1.993,0.15,0.14,0.65,0.039,0.002,0,0.003,0.02,0.04,0.05,0,0.019,0.0029,0.272333333,0.847166667,60
94,1222M93800,1LL015246900,314,424,29.5,SS400,ZA4D6100,1163,12386,264,80,0.213,976,841,21.7,3.3,3.687,0.16,0.19,0.36,0.031,0,0,0.002,0.02,0.03,0.04,0.01,0.016,0.0018,0.233333333,0.559,135
95,1222Q32200,1LL015529600,340,456,26,SS400,ZF4H6100,1177,12975,264,100,0.251,895,843,35.6,2.64,2.809,0.19,0.16,0.55,0.032,0.001,0,0.004,0.02,0.03,0.04,0.01,0.01,0.0048,0.295,0.778,52
96,1303P05400,1LL018765800,341,464,24.5,SS400,ZF4H6100,1185,17575,302,79.99,0.195,885,814,24.4,3.775,3.278,0.16,0.2,0.62,0.027,0.001,0,0.004,0.02,0.04,0.08,0.01,0.011,0.0018,0.285333333,0.831333333,71
97,1318P08200,1LL023808500,346,445,28,SS400,ZA4D6100,1193,14109,264,75,0.246,941,833,21.9,3.52,3.425,0.16,0.19,0.45,0.032,0.002,0,0.002,0.02,0.02,0.04,0.01,0.013,0.0059,0.247666667,0.639,108
98,1326L86600,1LL025834500,341,467,28,SS400,ZA4D6100,1172,13868,264,90,0.183,864,800,36.1,2.933,2.493,0.16,0.18,0.36,0.029,0.001,0,0.002,0.02,0.04,0.04,0,0.016,0.0062,0.232,0.568,64
99,1326L88400,1LL025834600,314,461,29.5,SS400,ZA4D6100,1171,13969,264,89.99,0.185,866,824,36,2.934,2.5,0.16,0.18,0.36,0.029,0.001,0,0.002,0.02,0.04,0.04,0,0.016,0.0062,0.232,0.568,42
100,1326L97600,1LL025835500,366,452,28.5,SS400,ZA4D6100,1172,13917,264,90,0.187,886,834,36,2.933,2.5,0.17,0.16,0.36,0.032,0.001,0,0.003,0.01,0.03,0.03,0,0.015,0.004,0.238666667,0.566833333,52
101,1326L99600,1LL025835600,300,446,29.5,SS400,ZA4D6100,1185,15334,264,90,0.181,907,833,35.7,2.933,2.521,0.17,0.16,0.36,0.032,0.001,0,0.003,0.01,0.03,0.03,0,0.015,0.004,0.238666667,0.566833333,74
102,1326M01600,1LL025835700,290,435,29.5,SS400,ZA4D6100,1179,12419,264,89.99,0.189,885,837,36.1,2.934,2.493,0.17,0.16,0.36,0.032,0.001,0,0.003,0.01,0.03,0.03,0,0.015,0.004,0.238666667,0.566833333,48
103,1326M03600,1LL025836300,338,453,30,SS400,ZA4D6100,1164,15330,264,110,0.163,886,860,35.7,2.4,3.081,0.16,0.2,0.36,0.025,0,0,0.002,0.02,0.03,0.04,0.01,0.016,0.0051,0.233333333,0.559333333,26
104,1326M05600,1LL025836400,314,450,32,SS400,ZA4D6100,1152,12519,264,90,0.188,884,828,36.1,2.933,2.493,0.16,0.2,0.36,0.025,0,0,0.002,0.02,0.03,0.04,0.01,0.016,0.0051,0.233333333,0.559333333,56
105,1326M07600,1LL025836500,296,436,31,SS400,ZA4D6100,1170,12671,264,90,0.19,886,844,36.1,2.933,2.493,0.16,0.2,0.36,0.025,0,0,0.002,0.02,0.03,0.04,0.01,0.016,0.0051,0.233333333,0.559333333,42
106,1326M09600,1LL025836600,321,442,31,SS400,ZA4D6100,1176,12525,264,90,0.244,885,837,36.1,2.933,2.493,0.16,0.2,0.36,0.025,0,0,0.002,0.02,0.03,0.04,0.01,0.016,0.0051,0.233333333,0.559333333,48
107,1326M14800,1LL025837100,320,441,23.5,SS400,ZA4D6100,1173,12985,264,75,0.246,962,853,21.9,3.52,3.425,0.16,0.18,0.36,0.032,0,0,0.002,0.02,0.03,0.05,0.01,0.018,0.0028,0.235333333,0.559166667,109
108,1326M16800,1LL025837200,339,453,22.5,SS400,ZA4D6100,1171,13188,264,75,0.214,926,813,21.9,3.52,3.425,0.16,0.18,0.36,0.032,0,0,0.002,0.02,0.03,0.05,0.01,0.018,0.0028,0.235333333,0.559166667,113
109,1326M10600,1LL025837300,302,437,34.5,SS400,ZA4D6100,1164,12567,264,90,0.189,885,834,36.1,2.933,2.493,0.16,0.18,0.36,0.032,0,0,0.002,0.02,0.03,0.05,0.01,0.018,0.0028,0.235333333,0.559166667,51
110,1326M12600,1LL025837400,291,434,32.5,SS400,ZA4D6100,1160,12543,264,90,0.187,885,832,36.1,2.933,2.493,0.16,0.18,0.36,0.032,0,0,0.002,0.02,0.03,0.05,0.01,0.018,0.0028,0.235333333,0.559166667,53
111,1326L90800,1LL025837900,328,449,21,SS400,ZA4D6100,1172,14243,264,69.99,0.269,962,837,21.9,3.772,3.196,0.15,0.18,0.37,0.031,0.001,0,0.003,0.02,0.05,0.04,0,0.016,0.0045,0.224333333,0.578,125
112,1326L92800,1LL025838000,335,456,22,SS400,ZA4D6100,1179,14162,264,70,0.266,961,845,21.9,3.771,3.196,0.15,0.18,0.37,0.031,0.001,0,0.003,0.02,0.05,0.04,0,0.016,0.0045,0.224333333,0.578,116
113,1326L94800,1LL025838100,332,456,21.5,SS400,ZA4D6100,1174,14246,264,70,0.254,964,854,21.9,3.771,3.196,0.15,0.18,0.37,0.031,0.001,0,0.003,0.02,0.05,0.04,0,0.016,0.0045,0.224333333,0.578,110
114,1326L96800,1LL025838200,321,448,23.5,SS400,ZA4D6100,1176,14351,264,70,0.257,962,830,21.9,3.771,3.196,0.15,0.18,0.37,0.031,0.001,0,0.003,0.02,0.05,0.04,0,0.016,0.0045,0.224333333,0.578,132
115,1326M17800,1LL025838700,315,433,24,SS400,ZA4D6100,1167,13118,264,75,0.23,925,825,21.9,3.52,3.425,0.16,0.19,0.36,0.026,0,0,0.002,0.02,0.03,0.03,0.01,0.01,0.0049,0.231333333,0.5585,100
116,1326M58800,1LL025838800,302,429,27,SS400,ZA4D6100,1180,13150,264,75,0.241,962,846,21.9,3.52,3.425,0.16,0.19,0.36,0.026,0,0,0.002,0.02,0.03,0.03,0.01,0.01,0.0049,0.231333333,0.5585,116
117,1326M62800,1LL025838900,345,444,23.5,SS400,ZA4D6100,1176,12973,264,75,0.242,962,854,21.9,3.52,3.425,0.16,0.19,0.36,0.026,0,0,0.002,0.02,0.03,0.03,0.01,0.01,0.0049,0.231333333,0.5585,108
118,1326M64800,1LL025839000,320,447,27.5,SS400,ZA4D6100,1180,13005,264,75,0.247,963,846,21.9,3.52,3.425,0.16,0.19,0.36,0.026,0,0,0.002,0.02,0.03,0.03,0.01,0.01,0.0049,0.231333333,0.5585,117
119,1326M65800,1LL025839500,329,444,22.5,SS400,ZA4D6100,1190,12796,264,75,0.248,961,835,21.9,3.52,3.425,0.17,0.19,0.35,0.034,0,0,0.002,0.02,0.03,0.04,0,0.017,0.0026,0.239666667,0.558333333,126
120,1326M67800,1LL025839600,341,442,28.5,SS400,ZA4D6100,1161,15520,264,74.99,0.228,920,810,21.7,3.52,3.456,0.17,0.19,0.35,0.034,0,0,0.002,0.02,0.03,0.04,0,0.017,0.0026,0.239666667,0.558333333,110
121,1326M70800,1LL025839700,324,441,26,SS400,ZA4D6100,1190,12929,264,75,0.247,961,848,21.9,3.52,3.425,0.17,0.19,0.35,0.034,0,0,0.002,0.02,0.03,0.04,0,0.017,0.0026,0.239666667,0.558333333,113
122,1326M72800,1LL025839800,344,447,22,SS400,ZA4D6100,1190,12848,264,75,0.247,961,851,21.9,3.52,3.425,0.17,0.19,0.35,0.034,0,0,0.002,0.02,0.03,0.04,0,0.017,0.0026,0.239666667,0.558333333,110
123,1328P42300,1LL026054400,350,443,24.5,SS400,ZF4H6100,1187,14689,264,69.99,0.259,972,815,22.2,3.772,3.153,0.16,0.13,0.53,0.027,0.001,0,0.002,0.02,0.03,0.04,0.01,0.014,0.0048,0.261666667,0.727,157
124,1328P94400,1LL026056800,318,432,26,SS400,ZF4H6100,1172,11869,264,69.99,0.292,975,818,22.2,3.772,3.153,0.16,0.1,0.53,0.029,0.001,0,0.001,0.04,0.03,0.03,0.01,0.013,0.0033,0.261,0.7255,157
125,1328Q30800,1LL026107100,350,454,23.5,SS400,ZF4H6100,1198,12441,264,60,0.324,925,834,19.9,4.4,3.015,0.17,0.1,0.53,0.037,0.001,0,0.001,0.02,0.04,0.05,0.01,0.019,0.0086,0.274333333,0.7465,91
126,1328Q34500,1LL026107600,354,451,24,SS400,ZA4D6100,1197,12448,264,60,0.331,925,839,19.9,4.4,3.015,0.16,0.16,0.42,0.027,0.002,0,0.002,0.02,0.04,0.04,0.01,0.012,0.0043,0.244,0.628,86
127,1328Q37500,1LL026107700,315,433,28,SS400,ZA4D6100,1191,12434,264,59.99,0.339,926,854,19.9,4.401,3.015,0.16,0.16,0.42,0.027,0.002,0,0.002,0.02,0.04,0.04,0.01,0.012,0.0043,0.244,0.628,72
128,1328Q43500,1LL026107800,345,439,25.5,SS400,ZA4D6100,1189,11987,264,60,0.342,925,861,19.9,4.4,3.015,0.16,0.16,0.42,0.027,0.002,0,0.002,0.02,0.04,0.04,0.01,0.012,0.0043,0.244,0.628,64
129,1328Q48500,1LL026107900,328,437,28.5,SS400,ZA4D6100,1191,12138,264,60,0.344,926,848,19.9,4.4,3.015,0.16,0.16,0.42,0.027,0.002,0,0.002,0.02,0.04,0.04,0.01,0.012,0.0043,0.244,0.628,78
130,1328Q49500,1LL026108400,328,432,27,SS400,ZA4D6100,1186,12091,264,60,0.344,972,837,19.9,4.4,3.015,0.17,0.17,0.37,0.028,0.001,0,0.002,0.02,0.03,0.04,0,0.009,0.0039,0.243,0.577666667,135
131,1328Q56500,1LL026108500,322,432,27.5,SS400,ZA4D6100,1191,12123,264,60,0.346,977,838,19.9,4.4,3.015,0.17,0.17,0.37,0.028,0.001,0,0.002,0.02,0.03,0.04,0,0.009,0.0039,0.243,0.577666667,139
132,1328Q62500,1LL026108600,326,431,27,SS400,ZA4D6100,1190,12103,264,60,0.344,977,839,19.9,4.4,3.015,0.17,0.17,0.37,0.028,0.001,0,0.002,0.02,0.03,0.04,0,0.009,0.0039,0.243,0.577666667,138
133,1328Q64800,1LL026109200,310,425,27.5,SS400,ZA4D6100,1181,12269,264,60,0.335,976,845,19.9,4.4,3.015,0.16,0.17,0.36,0.028,0.001,0,0.004,0.02,0.04,0.03,0.01,0.01,0.0026,0.232,0.567833333,131
134,1328Q77500,1LL026109300,304,415,27.5,SS400,ZA4D6100,1197,12366,264,60,0.361,950,826,19.9,4.4,3.015,0.16,0.17,0.36,0.028,0.001,0,0.004,0.02,0.04,0.03,0.01,0.01,0.0026,0.232,0.567833333,124
135,1328Q82600,1LL026109400,350,446,27.5,SS400,ZA4D6100,1210,57364,264,75,0.249,943,853,21.9,3.52,3.425,0.16,0.17,0.36,0.028,0.001,0,0.004,0.02,0.04,0.03,0.01,0.01,0.0026,0.232,0.567833333,90
136,1328Q63400,1LL027161100,324,432,27,SS400,ZA4D6100,1187,12134,264,60,0.342,977,839,19.9,4.4,3.015,0.17,0.17,0.37,0.028,0.001,0,0.002,0.02,0.03,0.04,0,0.009,0.0039,0.243,0.577666667,138
137,1403K01600,1LL028320400,356,454,24,SS400,ZA4D6100,1210,15157,264,75,0.184,920,804,19.9,3.52,3.769,0.16,0.18,0.38,0.026,0.001,0,0.002,0.02,0.04,0.06,0.01,0.015,0.0043,0.241333333,0.589666667,116
138,1403K03600,1LL028320500,352,450,26,SS400,ZA4D6100,1193,15218,264,75,0.208,942,827,19.9,3.52,3.769,0.16,0.18,0.38,0.026,0.001,0,0.002,0.02,0.04,0.06,0.01,0.015,0.0043,0.241333333,0.589666667,115
139,1403K05800,1LL028320600,351,452,26.5,SS400,ZA4D6100,1201,15280,264,70,0.256,938,823,21.9,3.771,3.196,0.16,0.18,0.38,0.026,0.001,0,0.002,0.02,0.04,0.06,0.01,0.015,0.0043,0.241333333,0.589666667,115
140,1403K07400,1LL028320700,335,468,31,SS400,ZA4D6100,1151,13061,264,90,0.18,885,818,36.1,2.933,2.493,0.16,0.18,0.38,0.026,0.001,0,0.002,0.02,0.04,0.06,0.01,0.015,0.0043,0.241333333,0.589666667,67
141,1403K13800,1LL028323900,354,450,23.5,SS400,ZA4D6100,1194,15216,264,70,0.27,945,830,21.9,3.771,3.196,0.16,0.18,0.37,0.024,0.001,0,0.002,0.02,0.04,0.03,0.01,0.013,0.0027,0.233666667,0.578166667,115
142,1403K14400,1LL028324000,308,447,31.5,SS400,ZA4D6100,1147,12875,264,89.99,0.186,884,831,36.1,2.934,2.493,0.16,0.18,0.37,0.024,0.001,0,0.002,0.02,0.04,0.03,0.01,0.013,0.0027,0.233666667,0.578166667,53
143,1411N89800,1LL031025700,338,454,22,SS400,ZF4H6100,1175,11721,264,69.99,0.275,927,831,19.9,3.772,3.517,0.17,0.12,0.53,0.029,0.001,0.001,0.002,0.02,0.04,0.03,0,0.015,0.0083,0.268533333,0.7456,96
144,1411N90800,1LL031026700,293,433,28,SS400,ZA4D6100,1169,11645,264,70,0.276,926,836,19.9,3.771,3.518,0.16,0.18,0.4,0.034,0.001,0,0.005,0.02,0.04,0.04,0,0.022,0.0034,0.238666667,0.608,90
145,1411N93800,1LL031026800,319,427,24,SS400,ZA4D6100,1175,11807,264,69.99,0.279,927,839,19.9,3.772,3.517,0.16,0.18,0.4,0.034,0.001,0,0.005,0.02,0.04,0.04,0,0.022,0.0034,0.238666667,0.608,88
146,1411N96800,1LL031026900,329,438,27.5,SS400,ZA4D6100,1174,11822,264,70,0.278,927,836,19.9,3.771,3.518,0.16,0.18,0.4,0.034,0.001,0,0.005,0.02,0.04,0.04,0,0.022,0.0034,0.238666667,0.608,91
147,1411P05C00,1LL031027300,343,450,22.5,SS400,ZA4D6100,1218,17087,264,75,0.242,1136,855,9.9,3.52,7.576,0.17,0.18,0.38,0.031,0,0,0.003,0.02,0.03,0.06,0.01,0.019,0.0034,0.250666667,0.589666667,281
148,1411N99800,1LL031027400,322,439,26,SS400,ZA4D6100,1175,11424,264,70,0.278,926,832,19.9,3.771,3.518,0.17,0.18,0.38,0.031,0,0,0.003,0.02,0.03,0.06,0.01,0.019,0.0034,0.250666667,0.589666667,94
149,1411P02800,1LL031027500,380,459,24,SS400,ZA4D6100,1178,11616,264,70,0.278,926,833,19.9,3.771,3.518,0.17,0.18,0.38,0.031,0,0,0.003,0.02,0.03,0.06,0.01,0.019,0.0034,0.250666667,0.589666667,93
150,1411P11C00,1LL031027900,361,464,24.5,SS400,ZA4D6100,1223,16452,264,75,0.239,1087,817,9.9,3.52,7.576,0.17,0.19,0.36,0.033,0,0,0.002,0.02,0.03,0.05,0.01,0.022,0.0032,0.245333333,0.5695,270
151,1411P13A00,1LL031028000,375,449,23,SS400,ZA4D6100,1220,16203,264,75,0.247,1129,842,9.9,3.52,7.576,0.17,0.19,0.36,0.033,0,0,0.002,0.02,0.03,0.05,0.01,0.022,0.0032,0.245333333,0.5695,287
152,1411P15A00,1LL031028100,353,451,22,SS400,ZA4D6100,1222,16135,264,75,0.25,1138,842,9.9,3.52,7.576,0.17,0.19,0.36,0.033,0,0,0.002,0.02,0.03,0.05,0.01,0.022,0.0032,0.245333333,0.5695,296
153,1411P18A00,1LL031028500,320,444,25.5,SS400,ZA4D6100,1231,16006,264,75,0.25,1146,849,9.9,3.52,7.576,0.17,0.15,0.37,0.039,0.001,0,0.002,0.02,0.03,0.05,0.01,0.018,0.0024,0.247,0.578166667,297
154,1411P24A00,1LL031028600,349,446,24,SS400,ZA4D6100,1227,15920,264,75,0.252,1107,836,9.9,3.52,7.576,0.17,0.15,0.37,0.039,0.001,0,0.002,0.02,0.03,0.05,0.01,0.018,0.0024,0.247,0.578166667,271
155,1411P27A00,1LL031028700,329,452,25,SS400,ZA4D6100,1231,16130,264,75,0.264,1129,838,9.9,3.52,7.576,0.17,0.15,0.37,0.039,0.001,0,0.002,0.02,0.03,0.05,0.01,0.018,0.0024,0.247,0.578166667,291
156,1411P31A00,1LL031028800,353,434,23,SS400,ZA4D6100,1231,16331,264,75,0.287,1062,813,9.9,3.52,7.576,0.17,0.15,0.37,0.039,0.001,0,0.002,0.02,0.03,0.05,0.01,0.018,0.0024,0.247,0.578166667,249
157,1411P34A00,1LL031029300,368,468,23,SS400,ZA4D6100,1228,15970,264,75,0.252,1076,828,9.9,3.52,7.576,0.17,0.16,0.36,0.036,0,0,0.003,0.02,0.03,0.04,0.01,0.014,0.0069,0.243333333,0.568,248
158,1411P37C00,1LL031029400,367,443,22.5,SS400,ZA4D6100,1222,16210,264,75,0.255,1073,835,9.9,3.52,7.576,0.17,0.16,0.36,0.036,0,0,0.003,0.02,0.03,0.04,0.01,0.014,0.0069,0.243333333,0.568,238
159,1411P42A00,1LL031029500,351,466,23.5,SS400,ZA4D6100,1230,16197,264,75,0.296,1064,818,9.9,3.52,7.576,0.17,0.16,0.36,0.036,0,0,0.003,0.02,0.03,0.04,0.01,0.014,0.0069,0.243333333,0.568,246
160,1411P48A00,1LL031029900,353,455,22.5,SS400,ZA4D6100,1230,16593,264,75,0.257,1103,832,9.9,3.52,7.576,0.15,0.18,0.35,0.023,0,0,0.002,0.02,0.03,0.05,0.01,0.017,0.0036,0.223666667,0.539166667,271
161,1411P51A00,1LL031030000,385,455,22,SS400,ZA4D6100,1225,15985,264,75,0.298,1048,815,9.9,3.52,7.576,0.15,0.18,0.35,0.023,0,0,0.002,0.02,0.03,0.05,0.01,0.017,0.0036,0.223666667,0.539166667,233
162,1411P60A00,1LL031030100,364,465,20.5,SS400,ZA4D6100,1222,16639,264,75,0.289,1071,821,9.9,3.52,7.576,0.15,0.18,0.35,0.023,0,0,0.002,0.02,0.03,0.05,0.01,0.017,0.0036,0.223666667,0.539166667,250
163,1411P64A00,1LL031030500,330,439,24,SS400,ZA4D6100,1225,16719,264,75,0.263,1100,840,9.9,3.52,7.576,0.17,0.18,0.4,0.037,0.003,0,0.003,0.03,0.03,0.05,0.01,0.01,0.0035,0.252666667,0.609166667,260
164,1411P70A00,1LL031030600,389,476,22.5,SS400,ZA4D6100,1222,16640,264,75,0.29,1088,828,9.9,3.52,7.576,0.17,0.18,0.4,0.037,0.003,0,0.003,0.03,0.03,0.05,0.01,0.01,0.0035,0.252666667,0.609166667,260
165,1411P80A00,1LL031030700,361,449,22,SS400,ZA4D6100,1220,16593,264,75,0.292,1046,808,9.9,3.52,7.576,0.17,0.18,0.4,0.037,0.003,0,0.003,0.03,0.03,0.05,0.01,0.01,0.0035,0.252666667,0.609166667,238
166,1411P84A00,1LL031031100,361,435,22.5,SS400,ZA4D6100,1212,17001,264,75,0.254,1128,843,9.9,3.52,7.576,0.17,0.18,0.36,0.031,0.001,0,0.002,0.02,0.04,0.05,0.01,0.016,0.0066,0.246,0.579166667,285
167,1411P87800,1LL031031200,391,460,23,SS400,ZA4D6100,1196,13389,264,70,0.281,954,821,19.9,3.771,3.518,0.17,0.18,0.36,0.031,0.001,0,0.002,0.02,0.04,0.05,0.01,0.016,0.0066,0.246,0.579166667,133
168,1411P94600,1LL031031300,314,455,31.5,SS400,ZA4D6100,1165,13235,264,90,0.181,908,838,36.1,2.933,2.493,0.17,0.18,0.36,0.031,0.001,0,0.002,0.02,0.04,0.05,0.01,0.016,0.0066,0.246,0.579166667,70
169,1411P96600,1LL031031400,313,449,28,SS400,ZA4D6100,1179,13325,264,90,0.236,914,836,36,2.933,2.5,0.17,0.18,0.36,0.031,0.001,0,0.002,0.02,0.04,0.05,0.01,0.016,0.0066,0.246,0.579166667,78
170,1411P98600,1LL031031900,310,457,30.5,SS400,ZA4D6100,1173,12506,264,89.99,0.179,914,855,36.1,2.934,2.493,0.16,0.18,0.35,0.038,0,0,0.003,0.02,0.03,0.08,0,0.017,0.0025,0.237666667,0.55,59
171,1411P99600,1LL031032000,307,448,31.5,SS400,ZA4D6100,1173,13143,264,90,0.181,915,842,36.1,2.933,2.493,0.16,0.18,0.35,0.038,0,0,0.003,0.02,0.03,0.08,0,0.017,0.0025,0.237666667,0.55,73
172,1411Q01600,1LL031032100,307,445,29,SS400,ZA4D6100,1150,12815,264,90,0.179,900,844,36.1,2.933,2.493,0.16,0.18,0.35,0.038,0,0,0.003,0.02,0.03,0.08,0,0.017,0.0025,0.237666667,0.55,56
173,1411Q09600,1LL031032200,305,451,28,SS400,ZA4D6100,1186,14385,264,100,0.192,904,832,35.7,2.64,2.801,0.16,0.18,0.35,0.038,0,0,0.003,0.02,0.03,0.08,0,0.017,0.0025,0.237666667,0.55,72
174,1411Q10600,1LL031032700,306,442,30,SS400,ZA4D6100,1207,14392,264,100,0.193,907,840,35.7,2.64,2.801,0.17,0.21,0.37,0.029,0,0,0.003,0.02,0.03,0.04,0,0.013,0.0033,0.243,0.579,67
175,1411Q18600,1LL031032800,310,452,29.5,SS400,ZA4D6100,1170,12955,264,89.99,0.179,916,847,36.1,2.934,2.493,0.17,0.21,0.37,0.029,0,0,0.003,0.02,0.03,0.04,0,0.013,0.0033,0.243,0.579,69
176,1411Q20600,1LL031032900,310,454,29,SS400,ZA4D6100,1166,12485,264,90,0.183,915,858,36.1,2.933,2.493,0.17,0.21,0.37,0.029,0,0,0.003,0.02,0.03,0.04,0,0.013,0.0033,0.243,0.579,57
177,1411Q28600,1LL031033500,307,448,29.5,SS400,ZA4D6100,1173,12658,264,90,0.179,911,841,36.1,2.933,2.493,0.17,0.17,0.38,0.038,0.001,0,0.002,0.02,0.04,0.06,0.01,0.018,0.0051,0.251333333,0.599333333,70
178,1411Q34600,1LL031033600,306,451,28.5,SS400,ZA4D6100,1169,13031,264,90,0.179,914,850,36.1,2.933,2.493,0.17,0.17,0.38,0.038,0.001,0,0.002,0.02,0.04,0.06,0.01,0.018,0.0051,0.251333333,0.599333333,64
179,1411Q36600,1LL031033700,321,454,28.5,SS400,ZA4D6100,1168,12754,264,90,0.179,907,841,36.1,2.933,2.493,0.17,0.17,0.38,0.038,0.001,0,0.002,0.02,0.04,0.06,0.01,0.018,0.0051,0.251333333,0.599333333,66
180,1411Q38600,1LL031033800,320,462,30,SS400,ZA4D6100,1167,12718,264,90,0.179,916,846,36.1,2.933,2.493,0.17,0.17,0.38,0.038,0.001,0,0.002,0.02,0.04,0.06,0.01,0.018,0.0051,0.251333333,0.599333333,70
181,1411Q47C00,1LL031034300,395,482,19.5,SS400,ZA4D6100,1199,12607,264,75,0.22,1093,834,9.9,3.52,7.576,0.17,0.16,0.36,0.03,0,0,0.002,0.02,0.03,0.04,0,0.014,0.002,0.241333333,0.567333333,259
182,1411Q39600,1LL031034400,311,448,30,SS400,ZA4D6100,1171,12529,264,90,0.233,915,859,36.1,2.933,2.493,0.17,0.16,0.36,0.03,0,0,0.002,0.02,0.03,0.04,0,0.014,0.002,0.241333333,0.567333333,56
183,1411Q42600,1LL031034500,296,438,29.5,SS400,ZA4D6100,1180,12496,264,90,0.235,915,853,36.1,2.933,2.493,0.17,0.16,0.36,0.03,0,0,0.002,0.02,0.03,0.04,0,0.014,0.002,0.241333333,0.567333333,62
184,1411Q46600,1LL031034600,301,447,29,SS400,ZA4D6100,1167,12420,264,90,0.235,915,846,36.1,2.933,2.493,0.17,0.16,0.36,0.03,0,0,0.002,0.02,0.03,0.04,0,0.014,0.002,0.241333333,0.567333333,69
185,1411Q50A00,1LL031035100,344,460,24.5,SS400,ZA4D6100,1199,12847,264,75,0.25,1088,821,9.9,3.52,7.576,0.16,0.18,0.4,0.032,0.001,0,0.002,0.02,0.03,0.06,0.01,0.015,0.0046,0.244,0.599666667,267
186,1411Q56A00,1LL031035200,392,480,20,SS400,ZA4D6100,1203,12783,264,74.99,0.262,1085,823,9.9,3.52,7.575,0.16,0.18,0.4,0.032,0.001,0,0.002,0.02,0.03,0.06,0.01,0.015,0.0046,0.244,0.599666667,262
187,1411Q60A00,1LL031035300,395,478,20,SS400,ZA4D6100,1206,12769,264,75,0.27,1015,786,9.9,3.52,7.576,0.16,0.18,0.4,0.032,0.001,0,0.002,0.02,0.03,0.06,0.01,0.015,0.0046,0.244,0.599666667,229
188,1411Q89800,1LL031161300,368,470,24,SS400,ZA4D6100,1203,12616,264,70,0.228,985,803,13.9,3.771,5.036,0.15,0.18,0.38,0.032,0.001,0,0.003,0.02,0.05,0.06,0.01,0.016,0.0021,0.232,0.589666667,182
189,1411Q92800,1LL031161400,362,455,21,SS400,ZA4D6100,1170,13179,264,75,0.212,1012,870,13.9,3.52,5.396,0.15,0.18,0.38,0.032,0.001,0,0.003,0.02,0.05,0.06,0.01,0.016,0.0021,0.232,0.589666667,142
190,1411R06800,1LL031161500,336,449,30,SS400,ZA4D6100,1198,14438,264,70,0.26,1014,837,13.7,3.771,5.109,0.15,0.18,0.38,0.032,0.001,0,0.003,0.02,0.05,0.06,0.01,0.016,0.0021,0.232,0.589666667,177
191,1411Q72800,1LL031245000,375,474,23.5,SS400,ZA4D6100,1208,12869,264,75,0.252,1012,844,13.9,3.52,5.396,0.16,0.18,0.4,0.03,0.001,0,0.002,0.03,0.04,0.07,0.01,0.018,0.0035,0.247333333,0.610166667,168
192,1411Q74800,1LL031245100,357,465,24.5,SS400,ZA4D6100,1201,12543,264,70,0.231,1002,819,15.9,3.771,4.403,0.16,0.18,0.4,0.03,0.001,0,0.002,0.03,0.04,0.07,0.01,0.018,0.0035,0.247333333,0.610166667,183
193,1411Q76800,1LL031245200,368,473,25,SS400,ZA4D6100,1204,12512,264,70,0.232,1002,821,15.9,3.771,4.403,0.16,0.18,0.4,0.03,0.001,0,0.002,0.03,0.04,0.07,0.01,0.018,0.0035,0.247333333,0.610166667,181
194,1411Q78800,1LL031245300,370,466,25,SS400,ZA4D6100,1180,13039,264,70,0.227,1003,861,15.9,3.771,4.403,0.16,0.18,0.4,0.03,0.001,0,0.002,0.03,0.04,0.07,0.01,0.018,0.0035,0.247333333,0.610166667,142
195,1411Q06200,1LL031253300,305,420,22,SS400,ZA4D6100,1149.5,11412,264,70,0.278,926,833,20.14,3.771,3.518,0.17,0.18,0.38,0.031,0,0,0.003,0.02,0.03,0.06,0.01,0.019,0.0034,0.250666667,0.589666667,93
196,1411P03200,1LL031255000,296,440,28,SS400,ZA4D6100,1181,11619,264,70,0.279,926,830,19.9,3.771,3.518,0.17,0.18,0.38,0.031,0,0,0.003,0.02,0.03,0.06,0.01,0.019,0.0034,0.250666667,0.589666667,96
197,1411R26300,1LL031257500,316,452,29,SS400,ZA4D6100,1149.5,12911,264,90,0.236,914,836,36.15,2.933,2.5,0.16,0.18,0.35,0.038,0,0,0.003,0.02,0.03,0.08,0,0.017,0.0025,0.237666667,0.55,78
198,1418L07600,1LL032516600,325,437,30,SS400,ZA4D6100,1180,11890,264,90,0.179,905,839,36,2.933,2.5,0.16,0.15,0.4,0.04,0.001,0,0.002,0.02,0.06,0.05,0.01,0.014,0.005,0.244,0.628166667,66
199,1418L09600,1LL032516700,314,443,31.5,SS400,ZA4D6100,1186,12012,264,89.99,0.234,894,848,36,2.934,2.5,0.16,0.15,0.4,0.04,0.001,0,0.002,0.02,0.06,0.05,0.01,0.014,0.005,0.244,0.628166667,46
200,1418L11600,1LL032516800,307,438,30,SS400,ZA4D6100,1189,11949,264,90,0.233,904,846,36.1,2.933,2.493,0.16,0.15,0.4,0.04,0.001,0,0.002,0.02,0.06,0.05,0.01,0.014,0.005,0.244,0.628166667,58
201,1418L13600,1LL032516900,335,429,27.5,SS400,ZA4D6100,1188,11855,264,89.99,0.235,906,854,36,2.934,2.5,0.16,0.15,0.4,0.04,0.001,0,0.002,0.02,0.06,0.05,0.01,0.014,0.005,0.244,0.628166667,52
202,1418L14600,1LL032517400,303,433,29,SS400,ZA4D6100,1187,11951,264,90,0.235,906,849,36,2.933,2.5,0.16,0.19,0.37,0.04,0.001,0,0.002,0.02,0.05,0.04,0.01,0.014,0.0061,0.236333333,0.589,57
203,1418L16600,1LL032517500,312,440,28.5,SS400,ZA4D6100,1179,12296,264,90,0.234,879,826,36,2.933,2.5,0.16,0.19,0.37,0.04,0.001,0,0.002,0.02,0.05,0.04,0.01,0.014,0.0061,0.236333333,0.589,53
204,1418L18600,1LL032517600,314,433,30.5,SS400,ZA4D6100,1189,11899,264,89.99,0.233,904,835,36.1,2.934,2.493,0.16,0.19,0.37,0.04,0.001,0,0.002,0.02,0.05,0.04,0.01,0.014,0.0061,0.236333333,0.589,69
205,1418L20600,1LL032517700,322,435,28.5,SS400,ZA4D6100,1188,11988,264,89.99,0.232,905,836,36.1,2.934,2.493,0.16,0.19,0.37,0.04,0.001,0,0.002,0.02,0.05,0.04,0.01,0.014,0.0061,0.236333333,0.589,69
206,1418L29A00,1LL032518200,332,456,23.5,SS400,ZA4D6100,1219,12101,264,64.99,0.273,1056,853,9.9,4.062,6.565,0.16,0.18,0.37,0.043,0.001,0,0.005,0.04,0.04,0.09,0.02,0.02,0.0118,0.249,0.581833333,203
207,1418L27800,1LL032518300,361,466,25,SS400,ZA4D6100,1201,11992,264,69.99,0.248,925,797,19.9,3.772,3.517,0.16,0.18,0.37,0.043,0.001,0,0.005,0.04,0.04,0.09,0.02,0.02,0.0118,0.249,0.581833333,128
208,1418L27800,1LL032518300,368,469,19.5,SS400,ZA4D6100,1201,11992,264,69.99,0.248,925,797,19.9,3.772,3.517,0.16,0.18,0.37,0.043,0.001,0,0.005,0.04,0.04,0.09,0.02,0.02,0.0118,0.249,0.581833333,128
209,1418L27800,1LL032518300,378,459,22,SS400,ZA4D6100,1201,11992,264,69.99,0.248,925,797,19.9,3.772,3.517,0.16,0.18,0.37,0.043,0.001,0,0.005,0.04,0.04,0.09,0.02,0.02,0.0118,0.249,0.581833333,128
210,1418L22400,1LL032518400,308,441,28,SS400,ZA4D6100,1197,11839,264,90,0.207,907,852,36.1,2.933,2.493,0.16,0.18,0.37,0.043,0.001,0,0.005,0.04,0.04,0.09,0.02,0.02,0.0118,0.249,0.581833333,55
211,1418L24600,1LL032518500,310,438,31,SS400,ZA4D6100,1187,11872,264,90,0.177,905,847,36.1,2.933,2.493,0.16,0.18,0.37,0.043,0.001,0,0.005,0.04,0.04,0.09,0.02,0.02,0.0118,0.249,0.581833333,58
212,1427Q07A00,1LL036207700,359,458,17.5,SS400,ZA4D6100,1232,13221,264,75,0.273,1071,810,9.7,3.52,7.732,0.17,0.19,0.36,0.039,0,0,0.002,0.02,0.03,0.03,0.01,0.012,0.005,0.241333333,0.5685,261
213,1427Q10A00,1LL036207800,289,442,27,SS400,ZA4D6100,1229,13242,264,75,0.216,1107,842,9.7,3.52,7.732,0.17,0.19,0.36,0.039,0,0,0.002,0.02,0.03,0.03,0.01,0.012,0.005,0.241333333,0.5685,265
214,1504L48800,1LL037700700,394,453,25,SS400,ZA4D6100,1210,12569,264,70,0.203,1089,871,9.7,3.771,7.216,0.16,0.16,0.37,0.033,0.001,0,0.002,0.02,0.04,0.04,0.01,0.01,0.0046,0.235666667,0.578,218
215,1504L52800,1LL037700800,321,434,26,SS400,ZA4D6100,1216,12217,264,70,0.209,1114,847,9.7,3.771,7.216,0.16,0.16,0.37,0.033,0.001,0,0.002,0.02,0.04,0.04,0.01,0.01,0.0046,0.235666667,0.578,267
216,1504L57600,1LL037700900,348,439,26.5,SS400,ZA4D6100,1209,12471,264,70,0.271,991,838,19.7,3.771,3.553,0.16,0.16,0.37,0.033,0.001,0,0.002,0.02,0.04,0.04,0.01,0.01,0.0046,0.235666667,0.578,153
217,1520P60500,1LL043781900,330,450,30,SS400,ZF4H6100,1202,16016,264,90,0.266,896,836,31.2,2.933,2.885,0.16,0.13,0.9,0.024,0.012,0.001,0.011,0.02,0.04,0.04,0,0.02,0.0055,0.3222,1.106433333,60
218,1523N73C00,1LL044782300,368,468,22,SS400,ZF4H6100,1216,13653,264,75,0.238,1103,831,9.35,3.52,8.021,0.17,0.1,0.55,0.043,0,0,0.002,0.01,0.03,0.05,0.01,0.01,0.0092,0.276333333,0.7565,272
219,1525L96400,1LL045179300,344,464,28.5,SS400,ZF4H6100,1197,15034,264,90,0.236,868,794,31.2,2.933,2.885,0.16,0.09,0.52,0.04,0.001,0,0.002,0.02,0.04,0.04,0.01,0.02,0.0042,0.260666667,0.725666667,74
220,1525L98300,1LL045179400,299,444,29.5,SS400,ZF4H6100,1192,14745,264,89.99,0.28,866,809,35.2,2.934,2.557,0.16,0.09,0.52,0.04,0.001,0,0.002,0.02,0.04,0.04,0.01,0.02,0.0042,0.260666667,0.725666667,57
221,1527L36300,1LL045741900,320,467,30.5,SS400,ZA4G8100,1181,13326,264,89.99,0.294,896,851,35.2,2.934,2.557,0.15,0.21,0.89,0.038,0.002,0.001,0.005,0.02,0.04,0.06,0.01,0.019,0.0021,0.316533333,1.090766667,45
222,1605M55G00,1LL049106400,344,460,30,SS400,ZF4H6100,1227,14084,264,80,0.202,1099,825,9.5,3.3,8.421,0.15,0.11,0.53,0.036,0,0,0.002,0.02,0.06,0.05,0,0.016,0.0035,0.253666667,0.746166667,274
223,1610Q55100,1LL050145600,302,446,28.5,SS400,ZF4H6100,1173,13375,222,89.99,0.197,860,821,31.5,2.467,2.857,0.18,0.12,0.54,0.021,0.001,0,0.002,0.07,0.04,0.06,0.01,0.02,0.0048,0.291333333,0.767666667,39
224,1627N88200,1LL056825600,394,505,29,SS400,ZA4D6100,1227,11486,150,90,0.197,861,820,36.1,1.667,2.493,0.15,0.16,1.09,0.025,0.002,0.002,0.003,0.01,0.03,0.05,0,0.018,0.004,0.344733333,1.278033333,41
225,1628Q16500,1LL056913400,404,503,31,SS400,ZF4H6100,1201,12270,260,90,0.248,867,810,31.5,2.889,2.857,0.12,0.18,0.8,0.043,0.002,0.001,0.002,0.02,0.03,0.04,0.01,0.009,0.0028,0.266866667,0.958766667,57
226,1630M23500,1LL057513200,309,442,27,SS400,ZF4H6100,1168,13572,264,60,0.342,936,831,15.4,4.4,3.896,0.15,0.12,0.57,0.031,0.002,0,0.003,0.02,0.03,0.04,0.01,0.018,0.0058,0.258333333,0.756666667,105
227,1630R01500,1LL057535000,338,479,28,SS400,EF4R5200,1214,16920,264,80,0.267,1020,857,20.2,3.3,3.96,0.15,0.2,1.11,0.041,0.002,0.002,0.003,0.01,0.03,0.06,0.01,0.015,0.0063,0.352066667,1.300533333,163
228,1630R03600,1LL057536000,390,490,27,SS400,ZF4H7100,1203,13218,264,70,0.231,925,816,19.2,3.771,3.646,0.13,0.13,0.61,0.026,0.001,0,0.003,0.02,0.03,0.04,0.01,0.014,0.0038,0.245,0.777,109
229,1706P42200,1LL059671500,329,467,31,SS400,ZF4H6100,1203,12113,264,80,0.25,900,836,27.5,3.3,2.909,0.16,0.15,0.94,0.031,0.012,0.001,0.014,0.02,0.05,0.04,0,0.02,0.0055,0.329533333,1.1571,64
230,1707L85300,1LL059750900,323,448,23,SS400,ZF4H6100,1202,11948,222,65,0.296,971,839,15.25,3.415,4.262,0.15,0.08,0.58,0.033,0.002,0,0.001,0.02,0.03,0.04,0.01,0.015,0.0043,0.26,0.765333333,132
231,1707L69200,1LL059751000,317,435,28,SS400,ZF4H6100,1203,12495,222,80,0.21,930,820,27,2.775,2.963,0.15,0.08,0.58,0.033,0.002,0,0.001,0.02,0.03,0.04,0.01,0.015,0.0043,0.26,0.765333333,110
232,1707N25400,1LL059752000,367,462,24.5,SS400,ZF4H6100,1220,16164,222,60,0.304,984,810,12.2,3.7,4.918,0.16,0.11,0.52,0.038,0.001,0,0.001,0.03,0.04,0.04,0.01,0.015,0.0044,0.261333333,0.726333333,174
233,1708N13400,1LL059752100,338,451,27,SS400,ZF4H6100,1225,12063,222,70,0.239,1011,817,13.5,3.171,5.185,0.16,0.11,0.52,0.038,0.001,0,0.001,0.03,0.04,0.04,0.01,0.015,0.0044,0.261333333,0.726333333,194
234,1711M30600,1LL061103700,327,457,29.5,SS400,ZF4H6100,1191,13116,264,69.99,0.216,959,815,19.4,3.772,3.608,0.16,0.13,0.53,0.026,0.001,0,0.002,0.02,0.04,0.05,0.01,0.013,0.0013,0.264333333,0.7375,144
235,1711M25600,1LL061103800,308,438,31.5,SS400,ZF4H6100,1183,13214,264,70,0.235,917,816,24.4,3.771,2.869,0.16,0.13,0.53,0.026,0.001,0,0.002,0.02,0.04,0.05,0.01,0.013,0.0013,0.264333333,0.7375,101
236,1803N71400,1LL067782200,319,462,29.5,SS400,ZF4H6100,1187,12561,264,79.99,0.248,885,843,31.2,3.3,2.564,0.16,0.12,0.53,0.036,0.001,0.001,0.002,0.03,0.04,0.03,0.01,0.021,0.0118,0.2612,0.736266667,42
237,1803N77400,1LL067782300,323,454,29,SS400,ZF4H6100,1220,17464,264,90,0.251,906,837,35.5,2.933,2.535,0.16,0.12,0.53,0.036,0.001,0.001,0.002,0.03,0.04,0.03,0.01,0.021,0.0118,0.2612,0.736266667,69
238,1803N78400,1LL067782400,325,447,32,SS400,ZF4H6100,1219,17630,264,90,0.237,906,838,35.6,2.933,2.528,0.16,0.12,0.53,0.036,0.001,0.001,0.002,0.03,0.04,0.03,0.01,0.021,0.0118,0.2612,0.736266667,68
239,1804M61700,1LL067783000,364,455,28,SS400,ZF4H6100,1171,12534,264,60,0.337,1021,835,15.4,4.4,3.896,0.15,0.1,0.54,0.029,0.002,0,0.003,0.03,0.03,0.05,0.01,0.014,0.0011,0.256,0.7265,186
240,1804M59600,1LL067783100,355,455,26,SS400,ZF4H6100,1213,15052,264,70,0.226,979,820,19.4,3.771,3.608,0.15,0.1,0.54,0.029,0.002,0,0.003,0.03,0.03,0.05,0.01,0.014,0.0011,0.256,0.7265,159
241,1804M54800,1LL067783200,327,447,30.5,SS400,ZF4H6100,1213,14828,264,70,0.234,962,828,24.4,3.771,2.869,0.15,0.1,0.54,0.029,0.002,0,0.003,0.03,0.03,0.05,0.01,0.014,0.0011,0.256,0.7265,134
242,1804M52500,1LL067783300,306,435,24.5,SS400,ZF4H6100,1190,14501,264,80,0.293,869,822,31.5,3.3,2.54,0.15,0.1,0.54,0.029,0.002,0,0.003,0.03,0.03,0.05,0.01,0.014,0.0011,0.256,0.7265,47
243,1804P68A00,1LL069363700,373,445,28.5,SS400,ZF4H6100,1149.5,12074,264,60,0.337,1021,835,9.88,4.4,3.896,0.15,0.1,0.54,0.029,0.002,0,0.003,0.03,0.03,0.05,0.01,0.014,0.0011,0.256,0.7265,186
244,1810K85400,1LL070818100,321,441,27,SS400,ZF4H6100,1174,12386,264,90,0.239,886,852,35.2,2.933,2.557,0.15,0.12,0.55,0.041,0.001,0,0.002,0.02,0.04,0.04,0.01,0.014,0.0051,0.255666667,0.746666667,34
245,1813P62600,1LL072092200,363,456,28,SS400,ZA4D6100,1189,11002,264,65,0.211,990,868,15.7,4.062,4.14,0.15,0.11,0.6,0.035,0.006,0,0.004,0.04,0.04,0.05,0.02,0.015,0.0019,0.269333333,0.7975,122
246,1814P07E00,1LL072535100,354,455,29,SS400,ZA4D6100,1207,11148,264,75,0.263,1086,825,9.7,3.52,7.732,0.15,0.16,0.37,0.033,0.002,0,0.004,0.02,0.05,0.07,0.01,0.018,0.006,0.232333333,0.5795,261
247,1814P13E00,1LL072535200,354,450,22.5,SS400,ZA4D6100,1203,14297,264,80,0.236,1091,841,11.7,3.3,6.838,0.15,0.16,0.37,0.033,0.002,0,0.004,0.02,0.05,0.07,0.01,0.018,0.006,0.232333333,0.5795,250
248,1815P33300,1LL072860700,348,475,32.5,SS400,EF4R5100,1176,13448,264,99.99,0.215,909,839,35.99,2.64,2.778,0.16,0.19,0.96,0.044,0.011,0.001,0.02,0.02,0.05,0.04,0.01,0.017,0.0056,0.334866667,1.1791,70
249,1820M86A00,1LL074271200,331,455,27,SS400,ZA4D6100,1202,11428,264,70,0.234,1026,832,13.7,3.771,5.109,0.17,0.17,0.36,0.033,0.002,0,0.001,0.02,0.03,0.13,0.01,0.018,0.0042,0.261333333,0.572833333,194
250,1820M90A00,1LL074271300,322,439,28,SS400,ZA4D6100,1206,11340,264,70,0.236,1042,826,13.7,3.771,5.109,0.17,0.17,0.36,0.033,0.002,0,0.001,0.02,0.03,0.13,0.01,0.018,0.0042,0.261333333,0.572833333,216
251,1820M92A00,1LL074271400,322,440,26,SS400,ZA4D6100,1203,11526,264,70,0.236,1029,817,13.7,3.771,5.109,0.17,0.17,0.36,0.033,0.002,0,0.001,0.02,0.03,0.13,0.01,0.018,0.0042,0.261333333,0.572833333,212
252,1820M94A00,1LL074271500,324,447,24,SS400,ZA4D6100,1204,11258,264,70,0.236,1021,823,13.7,3.771,5.109,0.17,0.17,0.36,0.033,0.002,0,0.001,0.02,0.03,0.13,0.01,0.018,0.0042,0.261333333,0.572833333,198
253,1820M95A00,1LL074272000,342,462,23.5,SS400,ZA4D6100,1177,11279,264,69.99,0.236,1000,819,13.7,3.772,5.109,0.16,0.16,0.36,0.033,0.002,0,0.001,0.02,0.03,0.13,0.01,0.017,0.0041,0.251333333,0.5625,181
254,1820M98A00,1LL074272100,333,457,29.5,SS400,ZA4D6100,1196,11599,264,70,0.23,1065,835,13.7,3.771,5.109,0.16,0.16,0.36,0.033,0.002,0,0.001,0.02,0.03,0.13,0.01,0.017,0.0041,0.251333333,0.5625,230
255,1820N00A00,1LL074272200,322,452,28,SS400,ZA4D6100,1195,11741,264,70,0.235,1054,882,13.7,3.771,5.109,0.16,0.16,0.36,0.033,0.002,0,0.001,0.02,0.03,0.13,0.01,0.017,0.0041,0.251333333,0.5625,172
256,1820N09A00,1LL074272800,305,440,29.5,SS400,ZA4D6100,1188,11545,264,70,0.234,1044,836,13.7,3.771,5.109,0.15,0.19,0.39,0.026,0.001,0,0.002,0.01,0.03,0.06,0.02,0.016,0.007,0.233666667,0.580666667,208
257,1820N11A00,1LL074272900,365,459,26.5,SS400,ZA4D6100,1198,11561,264,69.99,0.234,1053,869,13.7,3.772,5.109,0.15,0.19,0.39,0.026,0.001,0,0.002,0.01,0.03,0.06,0.02,0.016,0.007,0.233666667,0.580666667,184
258,1820N46A00,1LL074273000,368,464,26.5,SS400,ZA4D6100,1177,11708,264,70,0.232,1047,865,13.7,3.771,5.109,0.15,0.19,0.39,0.026,0.001,0,0.002,0.01,0.03,0.06,0.02,0.016,0.007,0.233666667,0.580666667,182
259,1820N48A00,1LL074273100,361,461,30,SS400,ZA4D6100,1192,11509,264,70,0.233,1049,869,13.7,3.771,5.109,0.15,0.19,0.39,0.026,0.001,0,0.002,0.01,0.03,0.06,0.02,0.016,0.007,0.233666667,0.580666667,180
260,1820N02A00,1LL074273600,360,471,30,SS400,ZA4D6100,1198,11881,264,70,0.221,1028,811,13.7,3.771,5.109,0.15,0.2,0.39,0.027,0.002,0,0.002,0.01,0.03,0.06,0.02,0.016,0.0065,0.233666667,0.581,217
261,1820N04A00,1LL074273700,358,450,28,SS400,ZA4D6100,1186,11786,264,88,0.22,1062,852,13.7,3,6.423,0.15,0.2,0.39,0.027,0.002,0,0.002,0.01,0.03,0.06,0.02,0.016,0.0065,0.233666667,0.581,210
262,1820N06A00,1LL074273800,344,455,26.5,SS400,ZA4D6100,1195,11850,264,70,0.227,1012,820,13.7,3.771,5.109,0.15,0.2,0.39,0.027,0.002,0,0.002,0.01,0.03,0.06,0.02,0.016,0.0065,0.233666667,0.581,192
263,1820N08A00,1LL074273900,325,448,29.5,SS400,ZA4D6100,1188,11478,264,69.99,0.233,1039,838,13.7,3.772,5.109,0.15,0.2,0.39,0.027,0.002,0,0.002,0.01,0.03,0.06,0.02,0.016,0.0065,0.233666667,0.581,201
264,1820N49A00,1LL074274400,333,456,27.5,SS400,ZA4D6100,1195,11836,264,69.99,0.23,1047,867,13.7,3.772,5.109,0.15,0.17,0.38,0.033,0.002,0,0.002,0.02,0.04,0.07,0.01,0.013,0.0052,0.233333333,0.579833333,180
265,1820N51800,1LL074274500,344,453,27.5,SS400,ZA4D6100,1198,11912,264,65,0.258,998,839,15.7,4.062,4.14,0.15,0.17,0.38,0.033,0.002,0,0.002,0.02,0.04,0.07,0.01,0.013,0.0052,0.233333333,0.579833333,159
266,1820N53800,1LL074274600,325,446,29.5,SS400,ZA4D6100,1202,12041,264,68,0.249,1000,837,15.7,3.882,4.331,0.15,0.17,0.38,0.033,0.002,0,0.002,0.02,0.04,0.07,0.01,0.013,0.0052,0.233333333,0.579833333,163
267,1820N56800,1LL074274700,375,465,27,SS400,ZA4D6100,1205,11973,264,67.99,0.252,1002,830,15.7,3.883,4.331,0.15,0.17,0.38,0.033,0.002,0,0.002,0.02,0.04,0.07,0.01,0.013,0.0052,0.233333333,0.579833333,172
268,1820N57800,1LL074275200,359,463,27,SS400,ZA4D6100,1200,11962,264,67.99,0.254,1001,832,15.7,3.883,4.331,0.16,0.19,0.37,0.038,0.001,0,0.001,0.01,0.03,0.07,0.01,0.012,0.0029,0.240333333,0.5705,169
269,1820N61800,1LL074275300,357,469,28,SS400,ZA4D6100,1205,12009,264,68,0.257,1002,831,15.7,3.882,4.331,0.16,0.19,0.37,0.038,0.001,0,0.001,0.01,0.03,0.07,0.01,0.012,0.0029,0.240333333,0.5705,171
270,1820N65800,1LL074275400,317,454,29,SS400,ZA4D6100,1183,14688,264,69.99,0.241,1004,835,15.7,3.772,4.458,0.16,0.19,0.37,0.038,0.001,0,0.001,0.01,0.03,0.07,0.01,0.012,0.0029,0.240333333,0.5705,169
271,1820N67800,1LL074276000,294,442,29.5,SS400,ZA4D6100,1183,14682,264,70,0.241,1002,842,15.7,3.771,4.459,0.16,0.2,0.36,0.032,0.001,0,0.002,0.02,0.03,0.07,0,0.018,0.008,0.237333333,0.560166667,160
272,1820P08800,1LL074276100,331,453,26.5,SS400,ZA4D6100,1162,14979,264,70,0.173,1002,860,15.7,3.771,4.459,0.16,0.2,0.36,0.032,0.001,0,0.002,0.02,0.03,0.07,0,0.018,0.008,0.237333333,0.560166667,142
273,1820P12800,1LL074276200,330,452,28.5,SS400,ZA4D6100,1182,15234,264,75,0.215,1004,844,15.7,3.52,4.777,0.16,0.2,0.36,0.032,0.001,0,0.002,0.02,0.03,0.07,0,0.018,0.008,0.237333333,0.560166667,160
274,1820P15800,1LL074276300,302,440,30,SS400,ZA4D6100,1172,15100,264,75,0.218,1002,827,15.7,3.52,4.777,0.16,0.2,0.36,0.032,0.001,0,0.002,0.02,0.03,0.07,0,0.018,0.008,0.237333333,0.560166667,175
275,1820P18800,1LL074276800,297,447,29,SS400,ZA4D6100,1171,15185,264,75,0.219,1003,834,15.7,3.52,4.777,0.16,0.19,0.36,0.031,0.001,0,0.001,0.02,0.03,0.03,0.01,0.012,0.0059,0.231333333,0.5585,169
276,1820P21800,1LL074276900,375,465,26,SS400,ZA4D6100,1181,15082,264,75,0.22,1001,828,15.7,3.52,4.777,0.16,0.19,0.36,0.031,0.001,0,0.001,0.02,0.03,0.03,0.01,0.012,0.0059,0.231333333,0.5585,173
277,1820P27800,1LL074277000,368,466,26.5,SS400,ZA4D6100,1172,15075,264,75,0.22,999,826,15.7,3.52,4.777,0.16,0.19,0.36,0.031,0.001,0,0.001,0.02,0.03,0.03,0.01,0.012,0.0059,0.231333333,0.5585,173
278,1820P29800,1LL074277100,369,463,27,SS400,ZA4D6100,1184,15002,264,75,0.22,1002,825,15.7,3.52,4.777,0.16,0.19,0.36,0.031,0.001,0,0.001,0.02,0.03,0.03,0.01,0.012,0.0059,0.231333333,0.5585,177
279,1820P33800,1LL074277600,341,456,29,SS400,ZA4D6100,1177,15087,264,75,0.219,1000,824,15.7,3.52,4.777,0.16,0.2,0.36,0.032,0.001,0,0.002,0.02,0.03,0.07,0,0.018,0.0087,0.237333333,0.560166667,176
280,1820P37800,1LL074277700,370,452,25,SS400,ZA4D6100,1186,15006,264,75,0.219,1001,836,15.7,3.52,4.777,0.16,0.2,0.36,0.032,0.001,0,0.002,0.02,0.03,0.07,0,0.018,0.0087,0.237333333,0.560166667,165
281,1820P41600,1LL074277800,336,453,27.5,SS400,ZA4D6100,1179,15004,264,65,0.26,986,838,19.7,4.062,3.299,0.16,0.2,0.36,0.032,0.001,0,0.002,0.02,0.03,0.07,0,0.018,0.0087,0.237333333,0.560166667,148
285,1820P74600,1LL074278700,355,451,29,SS400,ZA4D6100,1180,14784,264,68,0.254,989,837,19.7,3.882,3.452,0.16,0.19,0.37,0.04,0.001,0,0.001,0.02,0.04,0.03,0.01,0.015,0.0031,0.233666667,0.5785,152
286,1820P78600,1LL074279200,379,454,26,SS400,ZA4D6100,1170,12579,264,69.99,0.241,991,839,19.7,3.772,3.553,0.15,0.2,0.36,0.025,0.001,0,0.002,0.02,0.04,0.07,0.01,0.019,0.002,0.23,0.560833333,152
287,1820P80600,1LL074279300,351,446,27,SS400,ZA4D6100,1174,12619,264,72.99,0.203,924,821,19.9,3.617,3.668,0.15,0.2,0.36,0.025,0.001,0,0.002,0.02,0.04,0.07,0.01,0.019,0.002,0.23,0.560833333,103
288,1820P93600,1LL074279500,337,444,23,SS400,ZA4D6100,1172,12511,264,70,0.244,988,842,19.7,3.771,3.553,0.15,0.2,0.36,0.025,0.001,0,0.002,0.02,0.04,0.07,0.01,0.019,0.002,0.23,0.560833333,146
289,1820P95600,1LL074280000,345,451,23.5,SS400,ZA4D6100,1172,12501,264,70,0.242,980,826,19.7,3.771,3.553,0.15,0.17,0.4,0.045,0.001,0,0.002,0.02,0.03,0.07,0.01,0.014,0.0065,0.236,0.589833333,154
290,1820P99600,1LL074280100,373,470,23,SS400,ZA4D6100,1178,12479,264,69.99,0.245,991,838,19.7,3.772,3.553,0.15,0.17,0.4,0.045,0.001,0,0.002,0.02,0.03,0.07,0.01,0.014,0.0065,0.236,0.589833333,153
291,1820Q03600,1LL074280200,384,466,23.5,SS400,ZA4D6100,1178,12324,264,69.99,0.245,991,844,19.7,3.772,3.553,0.15,0.17,0.4,0.045,0.001,0,0.002,0.02,0.03,0.07,0.01,0.014,0.0065,0.236,0.589833333,147
292,1820Q08600,1LL074280800,333,440,24.5,SS400,ZA4D6100,1232,15377,264,69.99,0.229,963,836,19.9,3.772,3.517,0.16,0.21,0.38,0.033,0.001,0,0.001,0.02,0.04,0.07,0.01,0.014,0.0046,0.243333333,0.591166667,127
